source,target,value
A-mir,P-low,1
A-incr-comp,A-incr-comp,139
A-codegen,A-unicode,1
A-attributes,I-ICE,1
T-libs,WG-infra-rustbuild,1
A-thread-locals,C-bug,6
A-associated-items,E-mentor,4
C-bug,E-mentor,18
A-build,A-rustdoc,8
A-codegen,A-spurious,1
A-codegen,A-frontend,9
A-codegen,T-lang,3
A-lifetimes,B-RFC-approved,1
I-ICE,I-compiletime,1
A-mir,I-slow,7
A-libtest,A-rustdoc,1
A-parser,E-help-wanted,2
A-incr-comp,S-waiting-on-review,1
O-NVPTX,O-NVPTX,8
A-linkage,A-plugin,2
C-bug,O-redox,1
E-mentor,regression-from-stable-to-nightly,1
C-bug,O-windows-gnu,5
A-build,A-grammar,1
A-collections,final-comment-period,4
C-enhancement,C-feature-request,3
A-codegen,I-nominated,21
A-rustdoc,O-freebsd,1
C-bug,WG-compiler-nll,9
O-linux,O-linux,65
I-ICE,I-crash,11
A-frontend,I-compiletime,2
S-waiting-on-author,beta-accepted,7
A-codegen,A-driver,2
A-catch,I-ICE,2
C-bug,regression-from-stable-to-stable,19
A-generators,T-lang,1
A-macros,E-help-wanted,1
A-incr-comp,C-cleanup,15
A-borrow-checker,A-diagnostics,11
A-attributes,I-nominated,4
A-inline-assembly,T-compiler,4
C-bug,E-help-wanted,7
A-rustdoc,P-medium,15
C-enhancement,E-needs-mentor,17
A-allocators,E-hard,3
A-metadata,T-dev-tools,1
A-debuginfo,O-windows-msvc,7
A-associated-items,P-medium,8
A-linkage,A-rustdoc,2
A-parser,C-enhancement,35
I-compiletime,I-slow,21
A-inference,A-specialization,1
T-infra,T-infra,99
B-RFC-approved,B-RFC-approved,252
A-grammar,A-linkage,1
WG-compiler-traits,hacktoberfest,5
A-LLVM,regression-from-stable-to-nightly,4
WG-compiler-middle,hacktoberfest,3
A-macros,C-feature-request,22
C-bug,E-medium,3
P-high,regression-from-stable-to-nightly,71
A-simd,final-comment-period,1
A-attributes,E-needs-mentor,1
A-borrow-checker,C-bug,38
I-compiletime,regression-from-stable-to-stable,5
A-LLVM,O-wasm,1
B-RFC-approved,I-needs-decision,1
P-high,T-libs,16
O-guix,WG-infra-rustbuild,1
O-windows,T-compiler,7
I-crash,P-low,5
T-dev-tools-rustdoc,relnotes,1
A-lint,C-tracking-issue,3
B-unstable,P-low,2
A-visibility,A-visibility,20
B-RFC-approved,T-doc,3
A-macros,I-needs-decision,1
B-unstable,T-libs,248
A-closures,I-ICE,35
A-allocators,I-crash,1
A-metadata,A-traits,2
A-debuginfo,A-frontend,2
A-plugin,A-rustbuild,1
A-slice-patterns,C-bug,2
A-build,O-windows,24
A-rustbuild,T-core,1
T-dev-tools,WG-infra-rustbuild,1
E-needs-mentor,WG-compiler-errors,17
A-attributes,C-tracking-issue,2
C-enhancement,I-nominated,18
T-compiler,T-lang,68
A-diagnostics,regression-from-stable-to-beta,5
A-LLVM,I-unsound,5
O-freebsd,regression-from-stable-to-nightly,1
T-dev-tools,WG-docs-rustdoc,1
A-frontend,A-frontend,425
A-ffi,I-nominated,3
A-closures,C-bug,13
A-unicode,T-lang,1
E-hard,regression-from-stable-to-stable,2
E-mentor,I-compilemem,1
I-slow,T-infra,1
A-rls,C-bug,1
A-LLVM,A-mir,3
A-frontend,E-needstest,2
A-build,A-codegen,3
A-macros,I-compiletime,1
A-traits,rust-2-breakage-wishlist,1
I-slow,O-android,1
T-core,T-core,18
E-mentor,T-compiler,93
A-associated-items,C-enhancement,2
E-easy,T-doc,30
O-asmjs,T-cargo,1
A-runtime,E-hard,32
final-comment-period,regression-from-stable-to-beta,1
A-resolve,A-resolve,239
A-frontend,I-ICE,17
E-hard,O-linux,2
A-associated-items,C-bug,26
T-libs,T-libs,1290
A-LLVM,I-crash,24
A-diagnostics,A-testsuite,1
A-collections,P-low,1
A-borrow-checker,E-mentor,7
A-macros,A-rustdoc,4
P-low,T-cargo,2
A-diagnostics,A-specialization,1
A-allocators,I-needs-decision,1
A-codegen,T-infra,1
A-linkage,T-dev-tools,2
A-build,O-android,6
E-mentor,I-slow,4
A-LLVM,A-cross,1
E-mentor,hacktoberfest,28
E-hard,T-lang,5
S-waiting-on-bors,T-lang,3
E-easy,E-help-wanted,41
A-attributes,E-easy,18
O-musl,O-musl,3
A-frontend,E-hard,9
T-compiler,hacktoberfest,23
A-closures,T-compiler,10
B-unstable,final-comment-period,189
I-unsound,O-macos,1
A-typesystem,I-needs-decision,7
A-concurrency,metabug,1
A-diagnostics,A-lint,37
S-waiting-on-crater,T-compiler,2
A-diagnostics,rust-2-breakage-wishlist,1
A-driver,I-slow,1
A-lifetimes,A-lint,2
A-rustbuild,T-doc,3
A-parser,hacktoberfest,1
A-debuginfo,A-incr-comp,3
C-cleanup,T-infra,2
A-debuginfo,T-dev-tools,4
A-debuginfo,A-unicode,1
A-mir,I-needs-decision,4
A-rustdoc,S-waiting-on-review,1
C-bug,O-windows,31
E-needs-mentor,WG-compiler-middle,4
A-diagnostics,C-enhancement,451
E-hard,I-compiletime,2
T-compiler,T-core,1
E-mentor,I-nominated,6
I-ICE,T-dev-tools,3
E-easy,I-unsound,2
I-ICE,O-x86,1
A-linkage,T-cargo,3
A-inference,T-lang,2
E-needstest,regression-from-stable-to-stable,1
C-enhancement,P-low,75
E-easy,O-MIPS,1
O-linux,O-x86,2
A-sanitizers,A-sanitizers,7
C-bug,P-medium,80
A-traits,C-future-compatibility,1
A-pretty,P-medium,1
E-needstest,beta-accepted,1
A-testsuite,E-easy,65
A-rustdoc,I-nominated,6
A-driver,C-enhancement,14
A-libtest,C-feature-accepted,2
A-attributes,A-linkage,4
A-syntaxext,C-enhancement,37
E-medium,regression-from-stable-to-stable,1
T-lang,beta-accepted,3
A-LLVM,O-linux,2
A-resolve,C-cleanup,15
A-associated-items,I-needs-decision,1
A-LLVM,A-LLVM,326
A-stability,T-dev-tools,2
A-runtime,O-android,7
A-build,P-medium,22
O-ARM,O-windows,1
A-codegen,E-needstest,16
A-inline-assembly,C-bug,28
C-enhancement,T-doc,87
O-ios,O-netbsd,1
A-incr-comp,E-needstest,1
A-runtime,A-typesystem,8
A-incr-comp,O-windows-msvc,1
S-waiting-on-author,T-doc,10
A-codegen,C-cleanup,38
A-const-fn,C-enhancement,7
A-borrow-checker,A-closures,3
I-nominated,T-libs,83
A-linkage,C-feature-request,7
A-const-fn,P-low,1
A-debuginfo,final-comment-period,1
rust-2-breakage-wishlist,rust-2-breakage-wishlist,13
T-dev-tools-rustdoc,WG-docs-rustdoc,1
C-tracking-issue,WG-docs-rustdoc,1
A-frontend,A-runtime,3
A-ffi,A-runtime,2
E-easy,O-windows-msvc,1
A-typesystem,E-medium,1
O-windows,O-windows,373
A-associated-items,regression-from-stable-to-beta,1
A-LLVM,regression-from-stable-to-beta,3
A-inference,A-inference,59
O-macos,regression-from-stable-to-beta,1
A-build,S-waiting-on-bors,1
A-destructors,I-ICE,8
E-easy,O-macos,3
A-impl-trait,C-enhancement,3
I-ICE,O-macos,1
I-unsound,P-high,12
A-rustbuild,I-nominated,1
I-ICE,regression-from-stable-to-nightly,53
A-syntaxext,C-tracking-issue,1
B-RFC-implemented,T-libs,8
I-crash,T-compiler,37
A-debuginfo,C-bug,51
O-ARM,P-low,1
A-rustdoc,A-rustdoc,876
A-codegen,T-compiler,47
A-macros,C-bug,43
A-incr-comp,T-compiler,61
A-build,A-pretty,2
A-linkage,C-cleanup,10
O-linux,T-core,1
A-associated-items,A-rustdoc,4
E-hard,T-compiler,14
A-rustbuild,E-help-wanted,5
A-rustbuild,regression-from-stable-to-beta,1
A-diagnostics,I-crash,2
A-LLVM,I-slow,56
A-rustbuild,O-linux,1
A-associated-items,E-needs-mentor,1
A-build,A-spurious,1
A-typesystem,metabug,5
A-allocators,A-allocators,33
A-const-fn,C-future-compatibility,1
B-unstable,E-needstest,1
I-needs-decision,relnotes,2
C-tracking-issue,E-hard,1
A-plugin,C-cleanup,2
A-associated-items,I-compiletime,3
A-concurrency,A-incr-comp,1
S-waiting-on-team,T-infra,2
A-macros,P-low,10
A-build,A-cross,1
A-generators,A-generators,12
A-incr-comp,regression-from-stable-to-nightly,1
C-bug,regression-from-stable-to-nightly,25
E-mentor,WG-compiler-middle,6
A-mir,O-windows-msvc,1
A-runtime,P-medium,10
A-diagnostics,T-dev-tools,4
A-allocators,C-cleanup,1
A-macros,A-macros,282
C-enhancement,O-x86_64,1
C-cleanup,E-mentor,18
A-traits,C-bug,46
A-destructors,C-enhancement,4
C-tracking-issue,O-PowerPC,1
C-enhancement,I-unsound,1
A-collections,C-feature-request,7
A-parser,B-RFC-approved,2
A-lint,E-hard,3
A-diagnostics,O-macos,2
A-hir,metabug,1
C-tracking-issue,WG-compiler-middle,8
A-driver,rust-2-breakage-wishlist,1
A-frontend,I-nominated,6
A-ffi,I-slow,2
A-destructors,I-nominated,6
A-LLVM,A-linkage,11
A-codegen,O-ARM,5
O-freebsd,O-x86_64,1
A-const-fn,C-bug,21
A-LLVM,A-testsuite,4
A-typesystem,C-cleanup,37
A-slice-patterns,E-needstest,1
O-macos,T-lang,1
O-PowerPC,P-medium,1
A-testsuite,I-slow,4
A-impl-trait,hacktoberfest,1
A-borrow-checker,E-needs-mentor,1
T-libs,rust-2-breakage-wishlist,7
B-unstable,E-help-wanted,7
A-concurrency,E-mentor,1
A-cross,A-linkage,1
B-RFC-approved,WG-compiler-traits,2
E-help-wanted,regression-from-stable-to-stable,2
A-codegen,A-mir,7
A-LLVM,O-openbsd,1
E-needstest,regression-from-stable-to-nightly,5
A-naked,T-compiler,1
B-RFC-implemented,E-mentor,2
A-grammar,A-syntaxext,5
S-waiting-on-bors,beta-nominated,2
O-wasm,T-cargo,1
P-low,P-low,378
C-future-compatibility,E-hard,1
A-syntaxext,I-nominated,3
A-ffi,regression-from-stable-to-beta,1
A-generators,A-mir,2
A-build,O-macos,15
E-help-wanted,I-slow,1
A-LLVM,C-tracking-issue,3
A-debuginfo,A-diagnostics,2
A-borrow-checker,I-needs-decision,3
T-libs,proposed-final-comment-period,10
A-attributes,A-stability,2
A-ffi,O-windows,3
A-lifetimes,I-nominated,11
A-LLVM,C-bug,49
A-lint,T-lang,12
E-mentor,WG-compiler-front,6
A-diagnostics,I-compiletime,2
A-debuginfo,C-enhancement,21
C-bug,I-compilemem,3
A-dst,C-tracking-issue,2
A-stability,P-low,3
O-ARM,O-ARM,58
C-bug,T-compiler,328
A-LLVM,WG-compiler-middle,1
O-ios,T-compiler,2
A-rustdoc,C-cleanup,11
A-ffi,A-ffi,67
A-debuginfo,regression-from-stable-to-beta,1
A-unicode,I-slow,1
A-rustdoc,A-save-analysis,1
T-libs,regression-from-stable-to-beta,42
A-macros,regression-from-stable-to-beta,6
A-impl-trait,C-tracking-issue,4
A-concurrency,I-crash,6
A-diagnostics,C-tracking-issue,4
B-RFC-approved,E-needs-mentor,2
A-sanitizers,C-bug,6
P-medium,T-compiler,134
A-dst,I-compiletime,1
T-doc,metabug,2
A-associated-items,I-unsound,1
A-metadata,P-high,2
A-concurrency,C-cleanup,15
A-diagnostics,B-unstable,1
A-codegen,O-x86_64,1
A-simd,T-libs,3
P-medium,regression-from-stable-to-nightly,5
S-waiting-on-crater,proposed-final-comment-period,1
O-wasm,T-compiler,1
I-nominated,I-nominated,522
A-testsuite,A-typesystem,1
E-mentor,T-lang,22
P-high,final-comment-period,1
A-driver,E-mentor,2
I-needs-decision,S-waiting-on-team,2
A-testsuite,T-infra,1
B-RFC-approved,WG-compiler-front,7
A-codegen,O-macos,2
A-debuginfo,E-needstest,1
C-enhancement,E-needstest,13
A-testsuite,C-bug,16
A-traits,A-traits,364
C-bug,O-guix,2
A-hir,T-compiler,2
S-waiting-on-review,proposed-final-comment-period,2
I-slow,O-linux,1
A-inference,E-needstest,1
A-codegen,O-x86,3
B-unstable,WG-compiler-traits,1
S-waiting-on-bors,WG-compiler-nll,4
A-hir,A-hir,11
O-linux,P-high,1
A-traits,E-needs-mentor,1
C-tracking-issue,O-wasm,5
A-debuginfo,O-linux,1
A-closures,A-inference,8
A-rustdoc,T-dev-tools,250
A-frontend,T-compiler,9
T-core,T-doc,1
E-help-wanted,E-mentor,47
P-high,regression-from-stable-to-stable,36
C-feature-request,WG-compiler-middle,4
A-codegen,C-tracking-issue,2
A-naked,I-crash,1
I-unsound,T-compiler,42
A-incr-comp,C-bug,14
C-bug,T-doc,15
A-pretty,A-testsuite,6
T-compiler,regression-from-stable-to-stable,63
A-build,A-debuginfo,5
B-RFC-implemented,WG-compiler-front,1
P-high,relnotes,5
A-debuginfo,T-compiler,20
A-mir,E-hard,2
T-libs,regression-from-stable-to-nightly,15
A-resolve,metabug,2
B-unstable,C-feature-request,1
A-associated-items,A-inference,2
S-waiting-on-team,proposed-final-comment-period,6
C-tracking-issue,I-nominated,2
E-needs-mentor,I-unsound,1
A-LLVM,T-infra,2
A-libtest,C-feature-request,16
A-incr-comp,A-testsuite,6
A-driver,P-medium,4
A-diagnostics,P-low,35
A-rustdoc,T-lang,2
C-future-compatibility,T-lang,4
A-driver,O-macos,2
A-codegen,metabug,3
A-traits,A-typesystem,97
A-mir,O-ARM,1
A-macros-2.0,T-compiler,4
C-feature-request,O-linux,1
I-crash,O-ARM,5
A-attributes,C-bug,4
A-sanitizers,T-compiler,1
E-easy,hacktoberfest,3
A-simd,C-bug,5
C-feature-request,WG-infra-rustbuild,10
A-syntaxext,E-easy,30
A-plugin,C-tracking-issue,1
B-unstable,I-slow,1
S-inactive-closed,T-compiler,1
A-linkage,relnotes,1
A-associated-items,A-destructors,1
B-unstable,E-hard,1
A-rustdoc,T-dev-tools-rustdoc,7
A-parser,E-easy,21
C-enhancement,T-infra,14
A-testsuite,P-medium,4
C-feature-request,T-cargo,1
I-needs-decision,I-nominated,7
C-cleanup,I-nominated,8
E-easy,regression-from-stable-to-beta,3
A-debuginfo,A-typesystem,2
A-codegen,E-hard,30
A-linkage,T-lang,3
A-const-fn,A-diagnostics,5
A-macros-2.0,I-ICE,2
A-closures,A-destructors,1
A-associated-items,C-tracking-issue,3
A-inference,A-typesystem,17
A-unicode,C-enhancement,12
T-dev-tools,final-comment-period,2
A-specialization,C-bug,17
I-ICE,T-libs,1
T-compiler,metabug,7
A-naked,I-needs-decision,1
C-tracking-issue,T-core,5
A-LLVM,I-compiletime,15
I-slow,O-windows,5
E-help-wanted,O-wasm,7
A-typesystem,C-bug,98
A-specialization,I-unsound,2
C-tracking-issue,WG-compiler-incr,1
A-generators,C-bug,6
I-crash,O-wasm,1
S-waiting-on-author,T-dev-tools,5
A-pretty,E-mentor,1
A-diagnostics,I-nominated,9
A-concurrency,I-compiletime,1
A-codegen,A-inline-assembly,2
A-codegen,A-runtime,26
A-dst,I-unsound,1
A-stability,C-tracking-issue,1
C-feature-request,rust-2-breakage-wishlist,1
C-feature-request,E-hard,5
I-unsound,WG-compiler-middle,1
A-mir,E-easy,3
A-syntaxext,I-compiletime,3
A-traits,E-easy,4
A-dst,C-bug,1
A-attributes,T-doc,1
E-needstest,T-libs,1
O-asmjs,T-compiler,1
C-enhancement,I-crash,1
C-cleanup,I-compilemem,2
A-metadata,C-cleanup,4
A-traits,WG-compiler-traits,2
I-crash,O-windows-msvc,1
A-specialization,E-needstest,1
A-specialization,C-enhancement,1
A-runtime,relnotes,1
A-const-fn,E-needstest,3
A-impl-trait,A-inference,1
B-unstable,O-NVPTX,1
T-compiler,relnotes,16
O-android,O-android,67
A-incr-comp,O-macos,1
A-runtime,regression-from-stable-to-nightly,1
A-codegen,regression-from-stable-to-beta,5
A-borrow-checker,T-doc,1
P-medium,WG-infra-rustbuild,2
B-unstable,C-bug,8
B-RFC-implemented,I-needs-decision,1
A-rustdoc,O-macos,3
A-security,P-medium,2
A-macros,C-enhancement,26
A-destructors,T-lang,2
A-pretty,E-hard,2
O-android,T-libs,2
A-concurrency,I-slow,8
A-LLVM,O-windows-msvc,3
A-macros,C-cleanup,4
A-lifetimes,A-syntaxext,2
A-metadata,T-compiler,2
A-sanitizers,C-feature-request,1
A-syntaxext,E-needstest,5
A-diagnostics,A-inline-assembly,3
E-easy,rust-2-breakage-wishlist,1
T-lang,relnotes,27
A-rustdoc,B-unstable,2
A-mir,C-bug,12
A-grammar,C-feature-request,4
A-metadata,metabug,2
A-lint,E-needstest,5
A-macros,I-crash,4
A-unicode,T-compiler,2
WG-compiler-nll,hacktoberfest,8
A-traits,C-tracking-issue,6
A-inline-assembly,E-mentor,1
A-codegen,O-android,6
O-asmjs,T-libs,1
A-typesystem,T-libs,1
O-linux,O-musl,1
A-codegen,I-slow,114
E-mentor,WG-compiler-const,1
O-windows,O-windows-gnu,5
A-inference,C-bug,35
A-debuginfo,I-nominated,1
A-target-specs,C-cleanup,1
A-codegen,C-enhancement,77
A-attributes,E-mentor,1
C-enhancement,final-comment-period,1
O-PowerPC,T-compiler,1
O-macos,P-medium,3
A-inline-assembly,C-enhancement,1
E-easy,E-needstest,43
A-ffi,I-ICE,4
I-unsound,P-low,3
A-generators,C-enhancement,1
A-stability,E-easy,1
E-needstest,P-high,2
A-typesystem,hacktoberfest,2
A-diagnostics,A-rustdoc,3
B-unstable,WG-compiler-nll,1
C-enhancement,E-easy,132
E-easy,I-compiletime,4
A-simd,T-lang,3
E-easy,E-medium,1
A-testsuite,O-windows-msvc,1
A-impl-trait,I-ICE,10
A-testsuite,I-crash,7
A-NLL,C-bug,3
A-concurrency,P-low,7
I-nominated,proposed-final-comment-period,2
A-rustbuild,A-testsuite,3
A-rustdoc,O-windows,5
A-typesystem,regression-from-stable-to-beta,9
O-openbsd,O-openbsd,6
A-traits,A-visibility,1
A-testsuite,A-testsuite,343
S-waiting-on-review,T-compiler,6
A-traits,E-needstest,19
A-allocators,A-frontend,1
A-macros,C-tracking-issue,2
I-crash,O-windows-gnu,2
O-freebsd,O-netbsd,3
I-needs-decision,I-unsound,2
A-testsuite,metabug,3
B-RFC-approved,P-low,2
O-ios,P-low,1
A-inline-assembly,C-feature-request,1
A-destructors,A-lifetimes,7
C-cleanup,C-enhancement,4
B-RFC-implemented,B-RFC-implemented,29
A-impl-trait,B-RFC-approved,1
A-debuginfo,A-dst,1
A-specialization,A-specialization,28
A-macros,A-stability,1
A-frontend,C-cleanup,44
C-bug,WG-compiler-middle,2
C-enhancement,WG-compiler-front,1
A-ffi,A-typesystem,3
T-compiler,T-infra,9
A-diagnostics,I-needs-decision,4
A-driver,A-linkage,8
A-codegen,P-medium,26
S-waiting-on-bors,T-compiler,15
A-resolve,T-lang,8
A-borrow-checker,E-hard,4
T-cargo,T-compiler,1
T-doc,T-doc,304
I-ICE,P-high,51
A-codegen,C-bug,21
A-attributes,C-enhancement,17
A-driver,A-rustdoc,2
A-inference,C-enhancement,13
E-easy,E-easy,1707
O-ios,O-ios,16
A-parser,I-crash,3
A-driver,O-linux,1
E-help-wanted,T-infra,6
C-bug,P-low,48
E-help-wanted,regression-from-stable-to-beta,1
T-libs,regression-from-stable-to-stable,7
A-traits,I-ICE,52
A-typesystem,B-RFC-implemented,1
A-resolve,I-nominated,8
E-needs-mentor,WG-infra-rustbuild,1
A-borrow-checker,I-ICE,4
A-LLVM,O-PowerPC,4
C-bug,O-NVPTX,6
WG-compiler-middle,WG-compiler-traits,2
A-closures,I-crash,2
A-save-analysis,C-feature-request,1
A-attributes,E-help-wanted,1
A-frontend,A-unicode,2
T-dev-tools,T-dev-tools,353
A-collections,I-needs-decision,1
C-enhancement,O-windows-msvc,8
A-testsuite,O-linux,3
A-associated-items,C-cleanup,4
A-linkage,C-bug,49
B-unstable,T-lang,93
A-allocators,T-compiler,2
A-runtime,A-runtime,487
T-doc,T-infra,3
E-easy,E-mentor,265
A-lint,T-dev-tools,1
I-needs-decision,P-high,6
A-rustdoc,T-compiler,3
A-macros,T-dev-tools,1
A-associated-items,A-lint,3
A-closures,C-enhancement,15
A-resolve,E-needs-mentor,1
A-traits,regression-from-stable-to-nightly,1
C-cleanup,O-windows,6
A-lifetimes,regression-from-stable-to-nightly,2
A-diagnostics,A-lifetimes,36
P-medium,rust-2-breakage-wishlist,1
A-plugin,P-low,1
S-waiting-on-crater,relnotes,1
A-driver,E-easy,17
A-typesystem,regression-from-stable-to-stable,4
A-security,E-easy,1
A-security,I-needs-decision,1
T-compiler,WG-compiler-middle,12
A-catch,A-catch,5
A-codegen,I-compiletime,22
B-RFC-approved,E-easy,12
A-rustdoc,P-high,5
I-unsound,WG-compiler-nll,1
A-mir,C-enhancement,14
A-NLL,WG-compiler-nll,2
I-nominated,relnotes,9
A-resolve,regression-from-stable-to-nightly,3
WG-compiler-errors,hacktoberfest,4
WG-compiler-incr,WG-compiler-incr,9
O-windows,T-infra,3
A-ffi,E-needstest,1
O-ARM,T-infra,1
I-slow,O-wasm,1
E-hard,E-hard,178
C-feature-request,E-needs-mentor,1
E-mentor,O-windows,2
A-destructors,metabug,1
O-ARM,P-high,5
A-codegen,O-asmjs,1
A-parser,E-mentor,7
C-tracking-issue,WG-compiler-nll,1
B-RFC-approved,T-libs,33
A-impl-trait,P-high,1
A-mir,E-mentor,8
A-codegen,final-comment-period,1
final-comment-period,final-comment-period,218
A-debuginfo,O-windows-gnu,4
A-frontend,C-feature-request,13
A-simd,O-asmjs,1
A-associated-items,B-unstable,2
E-needstest,T-lang,1
A-const-fn,T-lang,3
T-dev-tools,regression-from-stable-to-beta,2
E-help-wanted,WG-compiler-middle,1
A-mir,B-RFC-approved,2
I-crash,O-windows,14
A-codegen,A-macros,1
A-parser,C-bug,10
A-mir,P-high,13
E-easy,regression-from-stable-to-stable,1
A-libtest,T-dev-tools,2
A-build,I-ICE,1
A-destructors,T-libs,1
A-lifetimes,A-pretty,3
P-medium,T-dev-tools,7
T-lang,WG-compiler-nll,1
A-destructors,E-needstest,5
I-unsound,T-libs,10
A-build,beta-accepted,1
B-RFC-approved,C-tracking-issue,87
C-enhancement,O-linux,5
A-closures,P-medium,6
S-waiting-on-team,T-lang,7
A-associated-items,A-dst,1
A-testsuite,A-traits,3
C-enhancement,WG-compiler-incr,1
I-nominated,T-doc,4
O-redox,O-redox,2
A-linkage,A-typesystem,10
A-spurious,C-bug,4
A-traits,hacktoberfest,2
A-driver,C-bug,1
C-feature-request,I-needs-decision,12
A-typesystem,T-doc,1
E-easy,I-nominated,23
A-build,T-infra,16
O-windows,O-x86,1
E-help-wanted,I-unsound,2
A-associated-items,A-lifetimes,10
A-typesystem,P-low,32
A-debuginfo,C-tracking-issue,4
A-mir,P-medium,10
A-diagnostics,A-libtest,1
A-driver,A-parser,2
O-windows-gnu,O-windows-msvc,1
E-help-wanted,T-compiler,9
A-mir,C-cleanup,6
I-ICE,O-android,1
A-specialization,P-low,1
A-mir,hacktoberfest,1
A-diagnostics,I-ICE,20
A-frontend,E-easy,129
A-incr-comp,E-easy,5
T-infra,regression-from-stable-to-nightly,1
A-typesystem,B-unstable,3
E-easy,T-lang,9
A-rustbuild,regression-from-stable-to-stable,1
A-diagnostics,C-cleanup,8
A-lifetimes,P-medium,11
I-ICE,I-nominated,17
A-incr-comp,C-enhancement,19
E-easy,WG-compiler-errors,6
O-android,O-macos,2
A-grammar,I-nominated,6
A-diagnostics,P-medium,21
A-simd,A-simd,10
C-enhancement,T-compiler,287
O-windows-msvc,O-windows-msvc,49
A-LLVM,A-runtime,5
A-borrow-checker,C-enhancement,15
A-allocators,T-libs,9
A-visibility,C-bug,1
C-feature-request,E-mentor,8
I-needs-decision,WG-infra-rustbuild,2
C-feature-request,T-dev-tools,92
C-enhancement,WG-compiler-const,1
A-diagnostics,A-macros-2.0,2
A-LLVM,A-traits,4
C-enhancement,I-needs-decision,11
A-lifetimes,A-testsuite,2
A-LLVM,E-needstest,10
O-ARM,regression-from-stable-to-beta,1
A-runtime,E-easy,99
A-pretty,C-enhancement,9
A-libtest,A-libtest,32
A-macros,rust-2-breakage-wishlist,2
A-macros,E-hard,2
A-catch,C-enhancement,1
A-linkage,A-runtime,5
A-attributes,WG-compiler-front,1
A-pretty,C-cleanup,3
T-doc,relnotes,1
T-lang,hacktoberfest,6
C-tracking-issue,T-dev-tools,27
A-diagnostics,C-bug,74
T-dev-tools,T-doc,11
T-doc,WG-docs-rustdoc,1
A-collections,P-medium,3
T-dev-tools-rustdoc,T-dev-tools-rustdoc,10
A-destructors,A-typesystem,14
A-allocators,C-feature-request,3
E-easy,WG-compiler-nll,1
A-simd,B-unstable,4
T-lang,T-libs,32
C-future-compatibility,P-medium,1
A-macros,I-ICE,25
T-dev-tools,beta-accepted,3
A-build,C-tracking-issue,2
E-help-wanted,T-dev-tools,5
I-ICE,O-windows,5
A-naked,A-naked,6
hacktoberfest,hacktoberfest,28
T-lang,regression-from-stable-to-nightly,17
C-tracking-issue,regression-from-stable-to-nightly,3
O-ARM,O-ios,1
A-lint,A-parser,1
A-codegen,A-parser,2
A-spurious,T-infra,6
A-parser,regression-from-stable-to-stable,2
A-concurrency,C-feature-request,2
A-lifetimes,C-enhancement,45
A-runtime,A-unicode,1
A-pretty,A-syntaxext,3
A-macros,B-unstable,2
E-easy,E-needs-mentor,1
WG-infra-rustbuild,hacktoberfest,1
A-typesystem,I-ICE,72
S-inactive-closed,S-inactive-closed,3
A-build,metabug,3
A-lifetimes,WG-compiler-nll,1
B-RFC-approved,E-help-wanted,5
O-solaris,O-solaris,1
E-mentor,P-low,11
E-hard,metabug,5
E-help-wanted,T-lang,4
A-specialization,I-ICE,9
A-syntaxext,A-syntaxext,304
C-tracking-issue,T-cargo,3
A-lifetimes,A-typesystem,74
P-low,T-core,1
A-parser,WG-compiler-errors,6
A-LLVM,C-feature-request,6
C-enhancement,O-macos,6
I-nominated,T-cargo,1
I-ICE,regression-from-stable-to-stable,15
A-codegen,P-high,5
A-impl-trait,A-typesystem,2
A-syntaxext,C-cleanup,22
E-hard,P-medium,18
A-hir,E-mentor,1
A-stability,C-enhancement,5
E-needstest,P-medium,14
A-syntaxext,A-typesystem,2
A-rustbuild,P-medium,4
A-plugin,C-feature-request,1
A-stability,A-stability,25
A-NLL,A-NLL,5
A-build,E-easy,59
A-lint,A-typesystem,8
T-compiler,WG-compiler-front,5
C-enhancement,E-hard,37
E-medium,P-high,1
A-associated-items,A-debuginfo,2
C-bug,WG-compiler-errors,4
A-const-fn,E-easy,1
A-linkage,C-tracking-issue,1
A-security,A-security,18
A-codegen,O-windows-gnu,1
E-help-wanted,I-compiletime,1
C-tracking-issue,E-needstest,1
A-runtime,C-enhancement,47
A-traits,T-compiler,38
A-grammar,T-lang,9
I-unsound,P-medium,29
C-tracking-issue,O-windows-msvc,1
O-windows-msvc,regression-from-stable-to-nightly,1
T-compiler,WG-compiler-nll,23
A-LLVM,T-libs,1
E-needstest,O-ARM,1
A-rustdoc,regression-from-stable-to-nightly,4
A-lint,metabug,1
O-ARM,regression-from-stable-to-stable,2
I-crash,O-android,1
P-medium,T-cargo,1
A-linkage,A-testsuite,2
C-enhancement,E-mentor,43
A-destructors,C-bug,3
C-cleanup,T-compiler,49
B-unstable,hacktoberfest,1
A-sanitizers,A-testsuite,1
C-feature-request,T-dev-tools-rustdoc,1
A-traits,O-windows,1
A-lifetimes,A-runtime,1
I-needs-decision,O-ios,1
A-destructors,I-unsound,2
I-slow,hacktoberfest,1
A-parser,I-needs-decision,3
A-traits,I-crash,14
A-hir,P-medium,1
A-LLVM,P-medium,15
E-needstest,I-compiletime,2
A-build,A-incr-comp,1
O-windows-msvc,T-libs,1
A-lint,T-compiler,25
A-diagnostics,WG-compiler-nll,7
C-tracking-issue,WG-compiler-front,9
A-LLVM,A-debuginfo,7
A-inline-assembly,A-inline-assembly,48
C-bug,E-needs-mentor,4
A-codegen,A-security,1
A-macros,A-parser,11
O-SPARC,T-compiler,1
A-attributes,A-macros,1
A-LLVM,P-high,9
A-plugin,O-macos,2
A-build,A-linkage,13
A-testsuite,I-compiletime,2
C-bug,I-ICE,223
A-plugin,C-enhancement,4
T-lang,WG-compiler-front,8
A-rustbuild,C-enhancement,22
O-NVPTX,metabug,1
T-dev-tools,T-infra,7
S-waiting-on-team,final-comment-period,5
C-future-compatibility,I-needs-decision,1
A-generators,E-needs-mentor,1
A-diagnostics,A-syntaxext,16
E-help-wanted,WG-infra-rustbuild,2
A-cross,I-ICE,1
A-driver,metabug,2
A-build,C-bug,24
A-const-fn,T-doc,1
C-cleanup,E-medium,2
B-RFC-approved,P-medium,16
C-tracking-issue,P-low,5
E-needstest,I-unsound,2
C-feature-request,O-windows,12
S-waiting-on-bors,T-dev-tools,5
A-build,T-dev-tools,13
A-cross,A-plugin,1
A-debuginfo,E-hard,1
P-medium,regression-from-stable-to-stable,20
A-lint,A-rustdoc,1
A-macros-2.0,C-enhancement,2
A-linkage,regression-from-stable-to-stable,4
A-syntaxext,regression-from-stable-to-stable,2
A-LLVM,E-mentor,4
I-slow,I-slow,534
E-easy,T-core,1
A-build,I-slow,5
A-driver,C-feature-request,1
A-collections,B-RFC-approved,2
O-windows,P-medium,14
A-rustbuild,C-bug,51
A-resolve,E-hard,3
I-nominated,WG-compiler-errors,1
C-bug,O-openbsd,2
A-linkage,I-compiletime,5
S-waiting-on-team,relnotes,4
regression-from-stable-to-nightly,regression-from-stable-to-nightly,230
A-rustdoc,C-enhancement,96
beta-accepted,final-comment-period,1
O-windows-msvc,T-infra,1
A-concurrency,O-windows,1
I-needs-decision,T-dev-tools,7
C-bug,O-SPARC,3
A-lint,I-ICE,3
A-syntaxext,C-bug,8
A-debuginfo,C-feature-request,11
A-grammar,P-medium,8
A-closures,A-traits,3
A-simd,I-compiletime,1
A-linkage,O-ARM,1
A-diagnostics,hacktoberfest,5
A-destructors,A-mir,5
A-diagnostics,C-feature-request,23
A-borrow-checker,I-unsound,9
A-inference,C-feature-request,3
E-medium,P-medium,20
A-stability,I-needs-decision,1
O-x86,P-medium,1
S-waiting-on-review,T-infra,1
A-target-specs,A-target-specs,3
A-diagnostics,O-windows-msvc,1
A-rustbuild,A-spurious,2
I-nominated,S-waiting-on-review,3
A-lint,I-needs-decision,4
A-traits,I-slow,4
A-rustbuild,P-high,3
B-RFC-approved,final-comment-period,10
A-const-fn,A-mir,1
A-closures,A-closures,125
A-syntaxext,I-needs-decision,1
A-pretty,metabug,1
A-macros,A-pretty,1
I-compiletime,P-low,11
S-waiting-on-crater,T-lang,3
C-feature-request,I-compiletime,4
B-RFC-implemented,C-tracking-issue,24
E-help-wanted,E-needstest,1
A-borrow-checker,C-feature-request,2
P-high,T-doc,14
A-macros,regression-from-stable-to-nightly,4
A-linkage,A-linkage,291
A-ffi,A-testsuite,1
A-lifetimes,I-needs-decision,4
A-frontend,P-medium,3
WG-compiler-errors,WG-compiler-errors,43
A-metadata,I-ICE,19
C-tracking-issue,P-high,3
A-macros,T-libs,3
A-build,O-linux,15
A-incr-comp,metabug,2
C-bug,I-unsound,30
A-frontend,A-metadata,1
O-windows,P-low,15
A-resolve,regression-from-stable-to-stable,1
A-lint,A-traits,3
A-linkage,T-compiler,17
E-mentor,WG-compiler-nll,14
A-rustdoc,E-needstest,4
E-mentor,I-unsound,3
A-generators,T-compiler,6
A-frontend,A-grammar,15
C-enhancement,T-dev-tools-rustdoc,2
A-spurious,I-crash,1
A-build,A-build,543
P-medium,T-lang,54
A-grammar,C-enhancement,12
I-crash,I-nominated,19
B-RFC-approved,T-core,2
A-LLVM,A-dst,2
A-traits,P-high,5
A-ffi,E-mentor,1
A-attributes,O-macos,1
A-resolve,E-help-wanted,1
O-macos,T-dev-tools,1
C-tracking-issue,C-tracking-issue,348
E-medium,T-compiler,7
A-codegen,C-feature-request,3
S-waiting-on-team,T-dev-tools,1
A-linkage,A-metadata,4
T-lang,regression-from-stable-to-beta,4
A-testsuite,E-help-wanted,3
E-help-wanted,I-nominated,3
I-compiletime,regression-from-stable-to-nightly,5
WG-compiler-middle,WG-compiler-middle,15
A-ffi,C-enhancement,4
A-rustbuild,A-rustdoc,2
A-visibility,P-low,2
S-waiting-on-author,T-lang,3
A-linkage,E-needstest,2
A-debuginfo,A-syntaxext,1
P-low,T-doc,28
A-codegen,O-linux,2
A-unicode,P-low,3
I-needs-decision,T-lang,37
A-hir,I-slow,1
C-enhancement,O-ios,4
T-infra,proposed-final-comment-period,1
A-linkage,A-lint,1
I-slow,T-compiler,32
A-build,I-needs-decision,1
A-frontend,A-syntaxext,19
A-attributes,A-concurrency,2
A-lint,C-bug,41
O-windows,T-libs,13
A-debuginfo,O-windows,12
C-cleanup,WG-infra-rustbuild,3
E-needs-mentor,T-dev-tools,1
A-diagnostics,E-medium,1
A-frontend,A-parser,5
C-enhancement,I-compilemem,1
T-core,T-lang,2
A-codegen,A-syntaxext,3
A-linkage,O-windows,14
C-feature-request,E-easy,4
A-parser,I-ICE,10
A-mir,T-lang,6
T-doc,T-lang,1
A-macros,P-high,5
A-diagnostics,A-visibility,2
C-tracking-issue,metabug,18
A-traits,WG-compiler-errors,1
A-incr-comp,P-high,2
A-unicode,C-bug,3
A-resolve,I-compiletime,1
A-attributes,WG-docs-rustdoc,1
A-mir,C-feature-request,1
A-grammar,A-traits,3
A-runtime,O-linux,5
A-testsuite,O-macos,4
A-associated-items,hacktoberfest,1
T-dev-tools,T-dev-tools-rustdoc,2
A-dst,A-dst,93
A-incr-comp,A-linkage,5
A-NLL,T-compiler,1
A-grammar,A-runtime,1
A-parser,I-nominated,8
T-lang,final-comment-period,29
A-specialization,T-lang,2
A-libtest,P-low,1
C-bug,T-dev-tools,103
A-metadata,C-tracking-issue,1
A-allocators,O-windows,2
A-closures,C-feature-request,3
A-cross,C-bug,2
A-stability,C-bug,9
A-codegen,A-debuginfo,5
E-mentor,final-comment-period,6
A-const-fn,A-typesystem,2
C-future-compatibility,T-compiler,2
A-closures,metabug,1
I-slow,T-libs,34
A-resolve,P-medium,9
A-specialization,S-waiting-on-review,1
I-needs-decision,T-libs,28
A-linkage,E-mentor,3
A-parser,A-pretty,1
I-crash,T-dev-tools,2
A-traits,metabug,3
I-slow,P-high,3
A-unicode,E-needstest,1
C-bug,O-ios,3
regression-from-stable-to-stable,regression-from-stable-to-stable,97
A-libtest,C-cleanup,1
S-waiting-on-author,T-compiler,17
O-windows-msvc,T-compiler,3
T-compiler,beta-accepted,81
A-lifetimes,T-compiler,17
A-grammar,A-grammar,141
A-security,O-linux,1
E-easy,E-hard,3
A-syntaxext,T-lang,4
A-concurrency,I-compilemem,1
A-driver,A-stability,1
O-linux,T-dev-tools,1
A-incr-comp,I-slow,3
A-simd,T-compiler,3
A-visibility,P-high,1
T-cargo,T-cargo,15
A-LLVM,O-macos,4
A-resolve,A-typesystem,5
A-rustbuild,O-windows,1
A-naked,C-bug,5
A-diagnostics,A-grammar,3
A-lint,P-medium,3
A-unicode,A-unicode,35
A-traits,E-mentor,5
C-tracking-issue,hacktoberfest,9
A-spurious,A-spurious,52
E-mentor,I-compiletime,2
A-LLVM,T-compiler,49
S-waiting-on-review,beta-accepted,18
A-diagnostics,A-driver,2
I-needs-decision,T-doc,2
A-linkage,A-visibility,1
E-needs-mentor,T-compiler,12
A-metadata,E-easy,1
A-lifetimes,A-metadata,1
A-attributes,A-syntaxext,9
C-enhancement,WG-compiler-nll,2
A-lifetimes,C-cleanup,6
C-bug,WG-infra-rustbuild,29
A-plugin,C-bug,1
T-doc,T-libs,19
I-nominated,O-windows-msvc,1
A-inference,T-compiler,7
A-collections,I-slow,12
A-lifetimes,E-needstest,24
A-resolve,E-mentor,5
A-linkage,O-windows-msvc,3
A-rustbuild,metabug,1
O-windows-msvc,regression-from-stable-to-beta,3
T-lang,metabug,2
O-linux,T-libs,3
A-parser,I-compiletime,1
A-simd,E-needstest,1
A-typesystem,E-help-wanted,2
S-waiting-on-bors,final-comment-period,4
A-parser,E-needs-mentor,1
A-linkage,P-low,9
A-grammar,C-tracking-issue,3
A-runtime,O-windows,21
I-needs-decision,O-windows,4
A-concurrency,A-testsuite,3
C-enhancement,O-windows-gnu,2
A-security,O-android,1
A-debuginfo,C-cleanup,1
A-inline-assembly,E-needstest,3
A-closures,P-high,1
A-ffi,E-easy,6
A-associated-items,final-comment-period,1
O-macos,O-windows,2
A-runtime,C-cleanup,72
A-lint,E-mentor,7
A-testsuite,T-compiler,9
A-closures,E-medium,1
A-build,O-netbsd,1
I-slow,regression-from-stable-to-beta,5
A-rustdoc,B-RFC-approved,1
A-syntaxext,E-mentor,2
B-RFC-approved,I-crash,1
E-help-wanted,P-low,9
A-runtime,I-crash,43
B-RFC-approved,B-RFC-implemented,7
A-diagnostics,A-resolve,35
A-security,O-windows-gnu,3
C-enhancement,T-lang,26
A-dst,T-compiler,5
A-collections,A-typesystem,2
E-help-wanted,P-high,1
A-lint,C-enhancement,66
A-associated-items,P-high,1
A-rustbuild,T-compiler,12
A-LLVM,E-medium,1
A-build,T-doc,3
E-easy,O-ARM,1
A-runtime,A-testsuite,19
I-slow,metabug,2
A-LLVM,I-ICE,34
I-crash,T-libs,3
A-linkage,A-rustbuild,1
A-rustdoc,T-doc,19
B-unstable,metabug,2
A-resolve,E-needstest,10
A-collections,A-collections,67
A-lifetimes,P-low,13
A-syntaxext,T-compiler,11
O-asmjs,O-asmjs,26
O-PowerPC,O-PowerPC,15
A-diagnostics,A-ffi,2
A-diagnostics,O-ARM,1
E-needs-mentor,WG-compiler-nll,2
C-bug,E-hard,9
A-macros,O-windows,1
A-lint,A-security,1
A-traits,B-RFC-implemented,2
A-LLVM,T-lang,2
regression-from-stable-to-beta,regression-from-stable-to-beta,257
A-incr-comp,O-windows,1
A-thread-locals,O-windows,1
A-frontend,A-testsuite,7
I-nominated,O-ARM,1
A-debuginfo,P-high,3
A-linkage,I-nominated,9
I-ICE,I-unsound,1
A-testsuite,O-ARM,3
A-inline-assembly,C-tracking-issue,1
A-syntaxext,P-medium,6
C-tracking-issue,P-medium,26
T-cargo,regression-from-stable-to-nightly,1
A-syntaxext,P-high,1
B-RFC-implemented,E-needs-mentor,1
A-build,P-high,2
WG-compiler-traits,WG-compiler-traits,7
A-build,C-enhancement,45
A-rustbuild,E-easy,15
A-typesystem,E-hard,26
T-libs,final-comment-period,185
C-bug,O-PowerPC,10
A-stability,T-compiler,8
A-unicode,E-mentor,1
I-compilemem,I-compilemem,9
A-LLVM,O-ios,1
A-diagnostics,WG-compiler-errors,42
A-build,A-rustbuild,6
A-generators,A-impl-trait,2
O-windows,WG-infra-rustbuild,1
B-RFC-approved,E-hard,1
A-catch,A-inference,1
A-linkage,A-unicode,3
I-slow,regression-from-stable-to-stable,3
A-resolve,B-RFC-approved,2
A-driver,E-hard,5
I-needs-decision,regression-from-stable-to-beta,2
A-naked,B-unstable,1
A-attributes,regression-from-stable-to-nightly,1
E-medium,T-lang,2
E-help-wanted,metabug,1
A-testsuite,E-mentor,8
A-diagnostics,T-compiler,329
I-nominated,S-waiting-on-crater,2
A-build,I-compiletime,4
A-generators,C-tracking-issue,1
P-high,T-infra,2
O-windows,T-dev-tools,3
C-cleanup,WG-compiler-incr,5
A-pretty,I-crash,3
A-testsuite,C-feature-request,4
A-codegen,regression-from-stable-to-nightly,3
I-nominated,T-compiler,94
A-security,C-bug,3
B-unstable,E-needs-mentor,1
A-linkage,T-libs,1
S-waiting-on-author,T-libs,24
A-rustbuild,A-rustbuild,207
A-testsuite,I-nominated,7
A-rustbuild,C-feature-request,17
proposed-final-comment-period,regression-from-stable-to-nightly,1
A-ffi,C-feature-request,2
C-cleanup,WG-compiler-traits,2
A-lifetimes,A-traits,14
A-plugin,A-syntaxext,2
O-android,T-compiler,1
A-specialization,T-compiler,4
E-hard,O-macos,1
I-compiletime,regression-from-stable-to-beta,1
E-medium,E-medium,34
A-macros,A-testsuite,1
O-NVPTX,T-compiler,1
A-linkage,E-easy,25
A-lint,final-comment-period,2
O-windows-msvc,P-high,3
A-save-analysis,B-unstable,1
O-musl,T-compiler,1
regression-from-stable-to-stable,relnotes,1
A-libtest,beta-accepted,1
A-spurious,O-windows,5
A-typesystem,I-unsound,7
A-testsuite,T-libs,3
A-driver,P-low,1
A-concurrency,A-syntaxext,5
A-build,O-PowerPC,1
O-windows,metabug,3
A-dst,P-high,2
A-spurious,O-macos,2
A-attributes,A-frontend,7
C-bug,P-high,37
A-target-specs,C-bug,1
A-LLVM,O-NVPTX,3
A-macros-2.0,C-bug,13
WG-docs-rustdoc,WG-docs-rustdoc,2
I-nominated,hacktoberfest,1
I-crash,regression-from-stable-to-stable,8
C-tracking-issue,I-unsound,1
A-grammar,T-compiler,1
A-concurrency,A-typesystem,2
A-metadata,regression-from-stable-to-beta,1
E-easy,I-ICE,29
A-inference,E-needs-mentor,1
P-medium,final-comment-period,3
A-diagnostics,beta-accepted,1
A-associated-items,WG-compiler-traits,1
C-bug,I-crash,41
A-traits,I-needs-decision,3
I-slow,P-medium,10
E-needstest,T-compiler,22
metabug,metabug,76
A-codegen,B-unstable,2
A-debuginfo,A-macros,6
T-libs,relnotes,88
A-ffi,B-RFC-approved,1
A-testsuite,C-tracking-issue,1
A-diagnostics,A-macros,51
A-target-specs,C-feature-request,1
A-incr-comp,E-medium,4
E-help-wanted,WG-compiler-front,1
I-needs-decision,P-low,11
A-associated-items,E-needstest,24
A-testsuite,E-hard,6
B-unstable,C-enhancement,1
A-pretty,A-resolve,1
A-dst,A-traits,6
A-impl-trait,C-feature-request,1
A-codegen,B-RFC-approved,2
A-lifetimes,T-lang,19
O-freebsd,T-libs,2
I-crash,O-openbsd,1
A-grammar,C-cleanup,7
A-diagnostics,T-lang,8
A-syntaxext,C-feature-request,10
C-enhancement,T-core,1
A-mir,A-mir,126
A-impl-trait,T-lang,3
A-collections,B-unstable,5
A-visibility,E-easy,1
B-unstable,E-mentor,12
A-traits,I-compiletime,2
A-LLVM,A-build,23
T-infra,hacktoberfest,1
C-tracking-issue,T-infra,11
A-grammar,A-lint,1
P-high,T-lang,23
A-concurrency,A-sanitizers,1
C-tracking-issue,I-crash,1
A-rustbuild,E-needs-mentor,1
A-build,A-runtime,11
A-inline-assembly,T-lang,1
A-unicode,I-nominated,4
A-LLVM,O-asmjs,2
A-ffi,C-cleanup,3
C-enhancement,regression-from-stable-to-beta,2
C-enhancement,O-android,5
beta-accepted,relnotes,25
T-dev-tools,regression-from-stable-to-stable,2
A-allocators,P-medium,1
A-impl-trait,T-libs,1
A-codegen,A-simd,1
A-plugin,B-RFC-approved,1
B-RFC-approved,I-compiletime,1
E-mentor,I-ICE,14
I-unsound,regression-from-stable-to-nightly,2
A-runtime,metabug,6
A-lifetimes,T-libs,1
I-nominated,S-waiting-on-team,6
A-linkage,O-wasm,1
P-medium,WG-compiler-middle,1
T-compiler,T-libs,9
C-cleanup,T-dev-tools,5
A-grammar,B-RFC-implemented,1
A-grammar,B-RFC-approved,1
A-typesystem,I-crash,44
WG-compiler-errors,metabug,1
C-enhancement,I-ICE,1
A-parser,regression-from-stable-to-beta,1
A-parser,P-low,7
A-typesystem,P-medium,53
C-enhancement,E-medium,8
A-diagnostics,E-easy,222
A-closures,A-lifetimes,8
A-frontend,I-crash,6
A-lifetimes,E-easy,13
A-codegen,I-ICE,67
A-traits,C-feature-request,5
A-grammar,B-unstable,1
A-cross,O-macos,2
B-unstable,C-tracking-issue,170
A-build,A-parser,1
A-associated-items,A-associated-items,204
E-easy,WG-infra-rustbuild,1
E-mentor,WG-compiler-errors,19
A-dst,B-RFC-approved,2
C-tracking-issue,I-compiletime,3
A-linkage,A-stability,1
B-RFC-approved,proposed-final-comment-period,2
E-easy,P-high,4
E-mentor,T-doc,28
I-crash,O-freebsd,2
I-needs-decision,I-needs-decision,129
A-linkage,A-syntaxext,1
T-lang,T-lang,512
A-ffi,A-lint,10
I-compilemem,regression-from-stable-to-nightly,1
A-metadata,regression-from-stable-to-stable,1
A-incr-comp,WG-infra-rustbuild,1
A-simd,C-enhancement,1
A-rustdoc,WG-docs-rustdoc,2
A-save-analysis,T-compiler,2
A-inline-assembly,A-lint,1
C-tracking-issue,T-doc,18
I-slow,O-x86_64,1
A-typesystem,B-RFC-approved,9
B-RFC-approved,T-infra,1
A-grammar,T-infra,1
A-LLVM,E-easy,12
A-lint,P-low,10
I-nominated,regression-from-stable-to-stable,17
T-compiler,T-doc,3
A-destructors,E-hard,1
B-RFC-approved,I-slow,1
A-unicode,E-easy,4
E-easy,P-medium,32
A-frontend,I-slow,8
A-build,I-crash,3
A-const-fn,E-mentor,2
A-inference,T-doc,1
A-frontend,A-resolve,3
A-LLVM,E-needs-mentor,1
A-runtime,A-syntaxext,2
A-debuginfo,B-unstable,1
A-incr-comp,hacktoberfest,1
C-cleanup,E-needstest,1
A-const-fn,B-RFC-approved,1
S-waiting-on-team,S-waiting-on-team,43
A-associated-items,A-traits,21
C-bug,O-asmjs,11
A-LLVM,A-diagnostics,2
A-lint,regression-from-stable-to-stable,1
A-mir,regression-from-stable-to-stable,8
A-hir,C-enhancement,2
I-compilemem,P-high,1
T-libs,beta-accepted,37
A-concurrency,A-runtime,30
A-save-analysis,T-infra,1
A-borrow-checker,A-mir,2
A-diagnostics,E-help-wanted,8
E-easy,metabug,6
A-resolve,T-libs,1
C-tracking-issue,E-easy,7
A-testsuite,C-enhancement,39
O-ARM,O-android,2
B-RFC-implemented,B-unstable,29
A-ffi,C-bug,4
A-associated-items,A-borrow-checker,1
A-security,metabug,1
O-windows-gnu,regression-from-stable-to-nightly,2
A-frontend,A-lifetimes,2
B-unstable,E-easy,22
A-inference,A-traits,2
E-mentor,P-medium,48
P-low,regression-from-stable-to-beta,1
C-cleanup,WG-compiler-nll,2
A-const-fn,A-const-fn,43
T-compiler,WG-compiler-errors,19
C-feature-request,T-compiler,59
A-attributes,C-cleanup,3
A-catch,C-bug,4
A-naked,T-lang,1
T-compiler,WG-infra-rustbuild,4
A-const-fn,P-medium,2
A-traits,regression-from-stable-to-stable,1
O-macos,O-macos,111
E-help-wanted,O-windows-msvc,2
A-naked,C-tracking-issue,1
A-codegen,I-crash,75
A-borrow-checker,A-typesystem,8
A-codegen,A-linkage,14
S-waiting-on-review,T-lang,7
A-closures,regression-from-stable-to-nightly,1
A-specialization,B-unstable,2
S-waiting-on-team,T-doc,4
A-diagnostics,A-unicode,2
E-needs-mentor,P-medium,1
E-hard,I-crash,4
A-unicode,I-ICE,1
I-crash,regression-from-stable-to-nightly,4
E-easy,O-android,3
A-diagnostics,E-mentor,166
C-bug,I-needs-decision,37
I-needs-decision,beta-accepted,1
B-unstable,O-windows,1
C-enhancement,metabug,5
I-crash,O-macos,11
A-attributes,T-compiler,6
E-help-wanted,P-medium,31
A-concurrency,A-concurrency,108
B-RFC-implemented,E-hard,1
A-const-fn,A-inline-assembly,1
A-macros-2.0,A-macros-2.0,17
B-RFC-implemented,P-low,1
A-mir,C-tracking-issue,3
A-metadata,C-enhancement,2
A-parser,metabug,1
O-linux,O-windows,1
T-infra,regression-from-stable-to-stable,2
A-build,E-hard,11
E-mentor,E-mentor,437
A-LLVM,I-compilemem,1
A-borrow-checker,hacktoberfest,5
A-debuginfo,regression-from-stable-to-stable,1
I-compiletime,O-linux,1
A-thread-locals,O-macos,1
WG-compiler-front,hacktoberfest,4
C-bug,C-bug,1330
E-hard,I-unsound,3
A-parser,A-parser,204
A-lifetimes,I-ICE,40
A-borrow-checker,T-compiler,26
A-syntaxext,O-macos,1
A-testsuite,C-cleanup,37
A-debuginfo,A-testsuite,12
C-bug,O-linux,4
A-parser,T-compiler,23
B-RFC-approved,P-high,1
A-diagnostics,E-needstest,28
C-feature-request,relnotes,1
E-help-wanted,final-comment-period,2
C-enhancement,I-slow,160
B-unstable,I-needs-decision,1
A-macros,T-doc,1
O-ARM,P-medium,1
A-NLL,A-borrow-checker,2
A-metadata,I-compiletime,1
E-easy,O-windows,16
E-mentor,P-high,3
A-frontend,metabug,1
A-grammar,A-unicode,2
T-infra,WG-infra-rustbuild,8
A-LLVM,A-rustbuild,1
C-bug,O-solaris,1
C-future-compatibility,C-future-compatibility,8
B-RFC-approved,T-cargo,3
O-netbsd,O-netbsd,5
A-diagnostics,O-windows,3
O-wasm,O-wasm,30
A-driver,A-driver,57
A-syntaxext,I-ICE,17
A-plugin,B-unstable,1
beta-nominated,beta-nominated,3
A-testsuite,O-asmjs,3
C-bug,O-MIPS,7
O-windows,O-windows-msvc,9
P-low,regression-from-stable-to-stable,7
P-high,T-dev-tools,3
A-rustdoc,E-mentor,9
A-codegen,A-incr-comp,3
I-compiletime,O-windows-msvc,1
A-macros,A-traits,1
T-compiler,regression-from-stable-to-nightly,113
A-mir,A-typesystem,2
E-help-wanted,E-medium,17
A-unicode,C-cleanup,3
A-runtime,C-bug,1
A-LLVM,C-cleanup,6
P-medium,T-infra,6
T-dev-tools,relnotes,3
P-high,T-cargo,4
A-traits,regression-from-stable-to-beta,1
E-easy,I-needs-decision,3
A-diagnostics,A-diagnostics,1487
A-visibility,I-nominated,2
A-rustdoc,C-feature-request,78
A-typesystem,E-needstest,48
E-needstest,I-crash,12
A-closures,A-typesystem,18
A-spurious,O-android,2
A-associated-items,metabug,1
A-concurrency,T-compiler,1
E-needstest,I-nominated,2
I-ICE,I-ICE,1852
A-attributes,T-lang,1
C-bug,S-waiting-on-team,1
A-macros,I-slow,1
C-bug,I-slow,2
A-rustdoc,A-testsuite,3
A-diagnostics,A-target-specs,1
P-medium,regression-from-stable-to-beta,12
B-RFC-approved,T-dev-tools,3
C-bug,O-android,6
A-driver,A-pretty,2
I-crash,O-linux,7
A-macros,regression-from-stable-to-stable,4
B-RFC-implemented,P-medium,4
O-netbsd,O-openbsd,3
A-inference,WG-compiler-middle,1
A-destructors,P-low,1
A-driver,T-compiler,2
A-associated-items,A-typesystem,23
A-plugin,I-ICE,2
A-metadata,I-nominated,1
C-feature-request,O-musl,1
A-attributes,A-diagnostics,5
A-lint,I-slow,2
T-lang,proposed-final-comment-period,5
A-simd,O-redox,1
A-attributes,T-dev-tools,2
A-debuginfo,O-macos,11
A-lint,A-stability,1
A-simd,T-dev-tools,1
A-testsuite,I-ICE,1
A-rustbuild,hacktoberfest,1
S-waiting-on-bors,T-doc,16
C-bug,regression-from-stable-to-beta,45
I-crash,O-ios,2
A-linkage,I-ICE,11
A-syntaxext,A-traits,3
E-needstest,O-windows,1
A-attributes,A-build,3
C-enhancement,T-libs,85
B-RFC-approved,B-unstable,38
C-tracking-issue,T-lang,105
A-typesystem,E-easy,65
A-catch,T-compiler,1
O-MIPS,T-libs,1
A-const-fn,E-hard,1
A-LLVM,A-plugin,1
A-macros,B-RFC-approved,2
S-waiting-on-author,S-waiting-on-bors,1
O-freebsd,O-freebsd,13
A-codegen,A-traits,16
A-specialization,E-easy,1
O-freebsd,P-high,2
O-guix,O-guix,2
E-medium,O-windows,1
A-diagnostics,A-plugin,7
A-security,I-nominated,1
A-mir,E-needstest,4
A-debuginfo,I-crash,11
A-borrow-checker,P-medium,8
A-borrow-checker,B-unstable,2
A-LLVM,O-ARM,8
A-diagnostics,A-metadata,1
A-attributes,A-traits,2
A-typesystem,WG-compiler-traits,1
A-plugin,E-needstest,1
I-unsound,O-windows,1
A-typesystem,A-typesystem,1122
I-needs-decision,P-medium,12
A-diagnostics,regression-from-stable-to-stable,5
C-bug,O-netbsd,1
A-allocators,T-doc,2
E-help-wanted,E-help-wanted,123
C-enhancement,regression-from-stable-to-nightly,1
A-destructors,A-destructors,73
A-build,E-medium,2
A-borrow-checker,I-nominated,2
E-mentor,WG-compiler-traits,5
A-LLVM,A-inline-assembly,4
E-medium,I-unsound,1
A-rls,A-rls,2
S-waiting-on-author,T-infra,2
A-typesystem,P-high,14
T-cargo,regression-from-stable-to-stable,2
C-tracking-issue,regression-from-stable-to-beta,2
A-diagnostics,A-traits,24
S-waiting-on-review,T-libs,38
S-waiting-on-author,T-core,1
proposed-final-comment-period,proposed-final-comment-period,15
O-windows-msvc,relnotes,1
E-help-wanted,E-needs-mentor,2
A-stability,E-mentor,1
A-rustdoc,proposed-final-comment-period,1
A-linkage,B-RFC-approved,1
A-LLVM,O-windows,6
T-lang,WG-compiler-middle,7
A-driver,O-windows,3
A-diagnostics,I-slow,2
A-LLVM,A-frontend,5
A-rustbuild,T-libs,1
A-rustdoc,regression-from-stable-to-stable,5
A-inline-assembly,O-macos,2
A-resolve,A-visibility,5
S-waiting-on-crater,S-waiting-on-team,1
A-mir,I-compiletime,3
I-slow,P-low,14
A-destructors,I-crash,8
A-security,C-tracking-issue,1
E-needstest,T-dev-tools,6
O-macos,T-compiler,2
A-build,regression-from-stable-to-stable,1
A-diagnostics,P-high,4
A-ffi,O-SPARC,1
I-nominated,regression-from-stable-to-beta,43
I-ICE,regression-from-stable-to-beta,34
A-linkage,P-high,7
B-RFC-approved,metabug,3
E-mentor,E-needstest,13
A-rustbuild,WG-infra-rustbuild,53
A-testsuite,P-low,17
E-medium,T-dev-tools,2
A-libtest,I-slow,1
T-infra,metabug,2
P-high,P-high,266
E-hard,O-windows,5
A-linkage,E-help-wanted,2
C-feature-request,P-low,25
C-feature-accepted,T-libs,3
E-mentor,I-needs-decision,2
A-parser,P-medium,7
A-build,O-ios,3
A-LLVM,O-x86_64,1
A-parser,C-cleanup,7
C-tracking-issue,O-windows,3
A-concurrency,A-frontend,1
C-enhancement,P-medium,62
A-concurrency,A-grammar,1
O-ARM,O-linux,1
C-feature-request,E-help-wanted,7
A-codegen,A-diagnostics,2
A-NLL,E-needs-mentor,1
A-attributes,A-plugin,1
A-driver,A-plugin,1
A-NLL,hacktoberfest,1
C-tracking-issue,WG-compiler-errors,2
A-associated-items,A-closures,2
E-mentor,T-infra,2
A-linkage,O-linux,1
O-openbsd,WG-infra-rustbuild,1
A-testsuite,T-dev-tools,1
I-ICE,T-lang,2
A-build,A-driver,6
T-dev-tools,T-lang,7
I-needs-decision,metabug,1
C-feature-request,O-asmjs,1
I-unsound,O-linux,1
A-impl-trait,C-bug,16
I-compilemem,P-medium,1
A-plugin,E-easy,1
A-collections,E-help-wanted,1
A-security,T-compiler,1
A-borrow-checker,WG-compiler-nll,12
C-bug,O-x86,1
A-testsuite,WG-compiler-incr,1
A-testsuite,E-needstest,2
A-traits,B-unstable,4
A-linkage,regression-from-stable-to-nightly,6
C-cleanup,O-android,1
A-spurious,C-tracking-issue,13
I-compiletime,metabug,1
A-associated-items,B-RFC-approved,3
A-attributes,P-low,4
A-borrow-checker,T-lang,5
A-traits,C-enhancement,20
A-rustdoc,I-needs-decision,5
T-cargo,regression-from-stable-to-beta,7
A-inline-assembly,B-unstable,1
S-waiting-on-team,T-compiler,4
A-incr-comp,I-compilemem,1
T-doc,regression-from-stable-to-beta,1
I-nominated,WG-compiler-nll,1
C-bug,I-compiletime,7
A-lint,A-macros-2.0,2
A-build,A-frontend,5
O-linux,T-compiler,2
S-waiting-on-bors,T-core,1
A-testsuite,O-android,18
C-bug,O-x86_64,1
E-medium,O-linux,2
O-wasm,T-libs,1
A-codegen,I-unsound,5
C-feature-request,final-comment-period,1
A-resolve,WG-compiler-errors,2
A-parser,A-typesystem,3
A-rustdoc,A-stability,1
A-driver,I-ICE,1
A-mir,regression-from-stable-to-nightly,2
A-traits,E-hard,7
A-grammar,E-hard,2
A-inline-assembly,I-ICE,16
C-feature-request,T-core,3
C-tracking-issue,final-comment-period,22
B-RFC-approved,I-nominated,18
I-nominated,P-low,3
T-doc,WG-infra-rustbuild,1
A-resolve,I-ICE,15
C-feature-request,C-feature-request,510
A-runtime,E-mentor,1
A-codegen,I-compilemem,1
A-syntaxext,I-crash,3
A-debuginfo,A-spurious,1
A-codegen,O-wasm,2
A-macros-2.0,C-feature-request,1
C-feature-request,I-slow,3
I-unsound,T-lang,15
A-concurrency,I-nominated,1
A-macros,E-needstest,4
O-android,O-ios,2
A-typesystem,I-nominated,42
B-unstable,B-unstable,374
A-runtime,A-traits,1
P-low,WG-infra-rustbuild,1
A-lifetimes,regression-from-stable-to-stable,2
A-lifetimes,A-resolve,1
B-RFC-approved,C-enhancement,3
A-build,I-nominated,8
A-lint,C-cleanup,10
A-codegen,A-destructors,11
A-mir,I-unsound,2
O-asmjs,T-dev-tools,1
A-frontend,E-mentor,2
E-easy,WG-compiler-front,2
C-feature-accepted,C-feature-accepted,3
E-easy,I-crash,12
A-traits,T-lang,25
E-hard,I-ICE,3
A-concurrency,P-medium,2
A-diagnostics,A-impl-trait,3
regression-from-stable-to-beta,regression-from-stable-to-nightly,1
I-crash,P-high,12
A-impl-trait,A-impl-trait,26
C-feature-request,T-doc,15
A-pretty,A-runtime,1
A-lint,A-testsuite,1
A-save-analysis,C-tracking-issue,1
A-lint,regression-from-stable-to-nightly,3
I-ICE,WG-compiler-nll,3
A-syntaxext,A-testsuite,3
A-lifetimes,WG-compiler-front,1
I-crash,O-asmjs,2
E-mentor,regression-from-stable-to-beta,1
I-compilemem,regression-from-stable-to-beta,2
A-inference,regression-from-stable-to-nightly,2
A-dst,C-feature-request,2
A-associated-items,B-RFC-implemented,1
E-medium,P-low,2
A-attributes,A-testsuite,1
A-diagnostics,A-typesystem,47
C-bug,T-cargo,5
O-windows,final-comment-period,1
O-windows,T-lang,1
A-allocators,E-easy,2
A-dst,E-easy,1
I-ICE,O-windows-gnu,1
E-hard,P-high,1
B-unstable,P-medium,18
A-closures,A-diagnostics,13
A-debuginfo,E-easy,3
O-MIPS,O-MIPS,9
C-tracking-issue,I-compilemem,2
I-nominated,T-dev-tools,6
C-feature-request,T-libs,145
B-RFC-approved,T-lang,68
A-runtime,O-macos,4
A-codegen,P-low,18
A-attributes,A-rustdoc,2
O-x86_64,O-x86_64,6
A-save-analysis,A-save-analysis,4
A-diagnostics,A-parser,46
A-inline-assembly,P-low,3
A-destructors,C-cleanup,1
T-compiler,T-dev-tools,16
A-rustbuild,E-mentor,6
T-dev-tools,WG-compiler-front,1
A-frontend,A-linkage,18
A-LLVM,WG-infra-rustbuild,1
A-associated-items,A-diagnostics,2
A-syntaxext,regression-from-stable-to-nightly,1
A-thread-locals,T-libs,3
C-bug,hacktoberfest,5
A-driver,O-android,1
A-const-fn,C-tracking-issue,1
E-needstest,O-android,1
I-nominated,P-high,13
A-catch,A-lint,1
A-concurrency,regression-from-stable-to-nightly,1
A-syntaxext,T-libs,2
A-ffi,E-hard,1
A-parser,E-needstest,1
A-destructors,A-runtime,3
A-debuginfo,O-ios,1
A-grammar,E-easy,29
O-ARM,O-MIPS,1
A-dst,O-ios,1
P-low,metabug,2
O-windows-msvc,metabug,1
A-LLVM,C-enhancement,67
A-diagnostics,A-runtime,4
A-destructors,A-traits,5
O-macos,T-infra,1
E-hard,I-slow,13
A-closures,E-needstest,8
A-pretty,I-needs-decision,1
A-unicode,C-feature-request,2
A-impl-trait,WG-compiler-traits,1
A-grammar,A-parser,18
C-bug,proposed-final-comment-period,2
A-build,C-feature-request,12
A-metadata,A-resolve,4
A-stability,A-traits,1
A-mir,T-compiler,56
A-linkage,A-resolve,6
E-mentor,I-crash,1
B-RFC-approved,hacktoberfest,6
C-tracking-issue,E-medium,10
A-resolve,T-compiler,15
A-libtest,T-libs,16
A-typesystem,C-future-compatibility,2
I-compilemem,T-compiler,5
A-testsuite,WG-infra-rustbuild,4
A-syntaxext,metabug,2
C-bug,E-needstest,43
A-attributes,P-high,1
E-help-wanted,T-doc,26
A-lifetimes,C-feature-request,1
A-macros,beta-accepted,1
A-codegen,I-needs-decision,1
T-doc,regression-from-stable-to-nightly,4
C-cleanup,T-libs,2
A-dst,regression-from-stable-to-nightly,1
P-medium,P-medium,539
B-RFC-approved,E-needstest,1
O-freebsd,O-openbsd,4
I-slow,O-ARM,1
A-inference,P-low,2
A-plugin,A-plugin,27
A-const-fn,T-compiler,10
C-enhancement,WG-compiler-middle,1
A-traits,T-libs,4
A-pretty,O-windows,1
A-LLVM,O-freebsd,1
A-debuginfo,P-low,5
O-MIPS,T-compiler,1
A-rustdoc,A-syntaxext,1
A-rustdoc,I-ICE,6
C-tracking-issue,regression-from-stable-to-stable,1
A-thread-locals,A-thread-locals,6
A-ffi,A-linkage,5
C-enhancement,O-asmjs,2
A-build,regression-from-stable-to-nightly,2
C-tracking-issue,E-help-wanted,20
A-naked,B-RFC-implemented,1
E-mentor,T-libs,6
A-ffi,I-crash,1
A-attributes,A-lint,10
A-NLL,A-typesystem,1
A-grammar,A-testsuite,4
T-libs,hacktoberfest,1
C-tracking-issue,T-compiler,57
A-incr-comp,A-spurious,1
A-typesystem,C-enhancement,108
A-impl-trait,E-mentor,1
A-codegen,O-windows,9
I-needs-decision,regression-from-stable-to-nightly,3
A-traits,I-unsound,4
E-help-wanted,O-asmjs,3
A-impl-trait,I-crash,1
C-enhancement,O-wasm,4
A-dst,A-typesystem,6
A-cross,O-android,1
A-frontend,A-lint,4
A-resolve,C-tracking-issue,2
A-incr-comp,A-lint,1
E-help-wanted,regression-from-stable-to-nightly,1
A-traits,E-help-wanted,1
A-associated-items,E-easy,3
A-concurrency,E-easy,19
B-RFC-implemented,final-comment-period,8
A-LLVM,I-needs-decision,2
O-x86,O-x86,8
I-crash,P-medium,21
A-concurrency,E-hard,8
I-needs-decision,T-cargo,1
A-closures,A-debuginfo,1
A-borrow-checker,P-low,1
A-pretty,A-pretty,104
A-grammar,E-mentor,3
E-easy,T-compiler,40
A-hir,A-macros,1
A-lifetimes,E-hard,8
E-mentor,rust-2-breakage-wishlist,1
A-allocators,I-ICE,1
P-medium,metabug,6
A-diagnostics,E-hard,2
A-thread-locals,T-compiler,1
A-security,O-x86,1
A-inference,I-needs-decision,1
C-bug,T-infra,28
A-dst,I-nominated,3
C-tracking-issue,O-asmjs,1
A-macros,T-lang,12
A-traits,B-RFC-approved,5
A-LLVM,T-dev-tools,3
A-diagnostics,T-libs,2
A-pretty,I-ICE,8
S-waiting-on-bors,T-libs,25
B-unstable,T-compiler,25
A-resolve,C-feature-request,3
A-grammar,A-macros,1
A-associated-items,P-low,4
A-simd,C-tracking-issue,3
WG-compiler-nll,WG-compiler-nll,27
A-ffi,O-windows-msvc,1
C-enhancement,S-waiting-on-review,1
A-diagnostics,A-linkage,4
T-infra,beta-accepted,4
I-compiletime,I-nominated,5
P-low,T-infra,10
A-allocators,regression-from-stable-to-nightly,1
T-lang,regression-from-stable-to-stable,6
O-SPARC,T-libs,1
O-freebsd,T-compiler,2
I-nominated,O-windows,6
O-android,P-low,1
A-specialization,P-medium,2
beta-accepted,beta-nominated,1
A-libtest,T-compiler,1
O-ARM,T-compiler,12
P-high,regression-from-stable-to-beta,75
C-cleanup,T-lang,2
A-diagnostics,A-generators,1
I-nominated,S-waiting-on-author,1
A-generators,I-ICE,3
A-grammar,T-doc,1
I-compilemem,I-compiletime,2
A-parser,E-hard,2
E-hard,T-libs,2
A-testsuite,O-guix,1
E-mentor,WG-infra-rustbuild,4
A-dst,E-needstest,6
A-security,C-enhancement,6
S-waiting-on-review,relnotes,14
P-low,T-lang,34
E-medium,T-doc,18
S-inactive-closed,T-libs,1
S-waiting-on-team,T-libs,23
C-enhancement,regression-from-stable-to-stable,4
A-syntaxext,E-hard,5
E-needs-mentor,WG-compiler-traits,1
A-ffi,P-medium,5
T-compiler,final-comment-period,6
A-traits,I-nominated,18
A-LLVM,O-windows-gnu,1
A-allocators,C-enhancement,4
A-traits,C-cleanup,12
E-needs-mentor,E-needs-mentor,30
A-macros,S-waiting-on-crater,1
A-attributes,P-medium,2
O-ARM,regression-from-stable-to-nightly,2
A-macros,A-resolve,3
A-frontend,A-rustdoc,3
A-mir,I-nominated,4
C-tracking-issue,E-needs-mentor,5
E-hard,I-needs-decision,4
WG-compiler-const,WG-compiler-const,1
A-rustbuild,I-needs-decision,4
A-inline-assembly,O-ARM,1
C-cleanup,I-slow,9
A-typesystem,C-tracking-issue,9
A-cross,A-cross,16
I-compiletime,P-medium,10
A-collections,A-testsuite,1
I-ICE,hacktoberfest,2
C-cleanup,E-hard,13
C-feature-request,O-windows-msvc,3
A-allocators,C-bug,5
A-closures,I-nominated,2
A-destructors,E-easy,1
C-tracking-issue,T-libs,100
S-waiting-on-review,final-comment-period,4
A-parser,T-lang,13
A-LLVM,A-security,1
A-lifetimes,P-high,4
WG-infra-rustbuild,WG-infra-rustbuild,54
A-codegen,E-help-wanted,3
A-lint,I-nominated,4
I-ICE,O-PowerPC,3
A-pretty,P-low,1
A-linkage,E-hard,12
A-traits,E-medium,3
A-codegen,regression-from-stable-to-stable,3
A-attributes,A-parser,4
A-macros,E-easy,9
E-easy,P-low,39
O-wasm,T-dev-tools,3
O-windows-msvc,P-low,1
A-syntaxext,O-windows,1
B-RFC-approved,I-unsound,1
C-bug,O-musl,2
A-closures,T-lang,4
C-bug,I-nominated,25
beta-accepted,regression-from-stable-to-nightly,2
A-associated-items,I-nominated,1
P-low,T-libs,13
A-linkage,O-macos,14
A-attributes,A-typesystem,2
E-medium,E-mentor,24
C-enhancement,T-dev-tools,76
O-MIPS,P-medium,1
I-nominated,beta-accepted,4
A-attributes,A-attributes,77
A-rustdoc,E-easy,42
A-lifetimes,A-parser,2
A-resolve,C-enhancement,19
A-ffi,T-compiler,3
A-closures,A-parser,1
A-debuginfo,A-metadata,1
T-lang,WG-compiler-traits,3
O-SPARC,O-SPARC,5
C-bug,T-lang,81
A-testsuite,O-windows,35
A-rustbuild,proposed-final-comment-period,1
A-LLVM,E-hard,9
O-windows-gnu,O-windows-gnu,20
A-parser,A-traits,2
A-build,A-diagnostics,3
I-compiletime,T-compiler,49
A-linkage,A-security,1
P-low,T-dev-tools,16
A-lifetimes,I-unsound,3
A-inference,A-lifetimes,4
P-low,regression-from-stable-to-nightly,2
A-rustbuild,P-low,2
B-unstable,WG-compiler-front,1
E-hard,O-android,1
C-feature-request,E-medium,1
S-waiting-on-author,relnotes,17
WG-compiler-incr,WG-compiler-traits,1
WG-compiler-front,WG-compiler-front,12
A-associated-items,I-ICE,65
A-LLVM,P-low,12
beta-accepted,beta-accepted,373
A-frontend,C-bug,10
T-compiler,regression-from-stable-to-beta,125
A-slice-patterns,A-slice-patterns,2
A-LLVM,T-doc,1
A-frontend,A-pretty,3
A-rustbuild,E-hard,1
I-ICE,T-compiler,149
A-codegen,A-testsuite,3
A-typesystem,E-mentor,16
C-bug,T-libs,93
A-allocators,I-slow,7
A-traits,P-medium,24
A-build,A-ffi,1
E-easy,I-slow,34
T-core,T-infra,1
A-rustdoc,C-tracking-issue,9
I-nominated,T-lang,40
A-linkage,A-traits,6
I-slow,T-lang,1
C-enhancement,WG-compiler-errors,35
A-driver,A-frontend,7
S-waiting-on-review,T-dev-tools-rustdoc,1
A-typesystem,C-feature-request,15
A-diagnostics,A-dst,9
A-allocators,I-unsound,2
A-specialization,A-traits,3
A-LLVM,regression-from-stable-to-stable,6
A-incr-comp,C-tracking-issue,9
final-comment-period,relnotes,5
I-crash,T-lang,2
I-nominated,I-slow,5
B-unstable,proposed-final-comment-period,4
E-needstest,P-low,13
A-typesystem,T-lang,52
C-bug,E-easy,7
C-tracking-issue,WG-compiler-traits,5
A-concurrency,C-enhancement,16
A-runtime,P-low,10
A-build,C-cleanup,20
A-build,regression-from-stable-to-beta,1
T-compiler,WG-compiler-traits,6
B-unstable,T-dev-tools,12
A-grammar,I-needs-decision,2
P-low,WG-compiler-front,1
A-lifetimes,A-lifetimes,361
A-associated-items,A-resolve,1
A-lint,A-resolve,7
A-codegen,A-grammar,8
A-grammar,A-typesystem,14
A-incr-comp,C-feature-request,1
A-LLVM,A-codegen,65
A-concurrency,A-lifetimes,2
C-cleanup,I-compiletime,9
A-codegen,O-windows-msvc,2
C-bug,O-windows-msvc,15
S-waiting-on-review,T-dev-tools,9
A-debuginfo,A-linkage,3
A-testsuite,O-wasm,5
A-typesystem,E-needs-mentor,1
A-stability,T-lang,2
A-codegen,A-concurrency,2
A-debuginfo,E-mentor,1
C-bug,O-macos,14
A-typesystem,regression-from-stable-to-nightly,4
C-enhancement,E-help-wanted,13
A-frontend,P-low,10
A-dst,E-mentor,1
I-compiletime,I-compiletime,143
A-incr-comp,E-hard,3
A-save-analysis,C-bug,2
A-associated-items,T-compiler,11
A-build,T-compiler,9
I-ICE,P-medium,17
A-runtime,I-slow,39
E-needstest,I-ICE,216
E-easy,T-dev-tools,5
O-windows-msvc,WG-infra-rustbuild,1
O-windows-gnu,T-compiler,2
A-diagnostics,A-mir,1
A-typesystem,I-slow,5
A-attributes,E-hard,1
A-NLL,E-mentor,1
A-parser,A-resolve,2
S-waiting-on-review,S-waiting-on-review,459
A-mir,I-crash,4
A-runtime,T-libs,1
A-impl-trait,A-linkage,1
A-macros,I-nominated,6
A-associated-items,A-const-fn,2
A-codegen,O-SPARC,1
A-codegen,A-codegen,641
I-unsound,I-unsound,74
A-rustdoc,E-hard,4
A-destructors,A-diagnostics,1
A-debuginfo,I-slow,1
O-windows,regression-from-stable-to-nightly,1
A-specialization,C-feature-request,1
I-compilemem,regression-from-stable-to-stable,1
E-mentor,T-dev-tools,9
A-const-fn,C-feature-request,2
I-compiletime,P-high,7
O-android,T-infra,1
P-medium,T-libs,39
A-metadata,regression-from-stable-to-nightly,1
A-debuginfo,A-debuginfo,302
B-RFC-approved,WG-compiler-middle,5
A-dst,T-lang,3
A-diagnostics,S-waiting-on-bors,1
A-borrow-checker,A-borrow-checker,85
A-grammar,P-low,5
E-easy,regression-from-stable-to-nightly,1
A-debuginfo,A-security,1
A-debuginfo,P-medium,3
A-LLVM,I-nominated,7
A-dst,P-medium,1
A-metadata,E-needstest,4
E-easy,T-libs,30
A-debuginfo,I-ICE,34
A-driver,A-testsuite,1
C-tracking-issue,E-mentor,31
C-cleanup,E-easy,249
A-build,O-ARM,1
A-typesystem,T-compiler,79
C-bug,O-wasm,10
A-destructors,A-lint,1
A-destructors,P-medium,10
A-lint,A-macros,5
A-security,O-windows,4
C-bug,O-freebsd,8
A-codegen,A-naked,1
A-rls,T-dev-tools,1
WG-compiler-front,proposed-final-comment-period,1
A-rustdoc,regression-from-stable-to-beta,7
E-hard,E-needstest,1
A-rustdoc,P-low,10
O-asmjs,O-wasm,15
T-compiler,WG-compiler-incr,5
B-RFC-approved,T-compiler,20
A-libtest,A-sanitizers,2
A-diagnostics,E-needs-mentor,20
A-destructors,A-metadata,1
A-runtime,I-nominated,6
A-driver,C-cleanup,6
A-allocators,regression-from-stable-to-stable,1
A-libtest,C-bug,5
A-diagnostics,T-doc,4
I-needs-decision,T-compiler,23
E-help-wanted,O-macos,1
A-rustbuild,I-compiletime,1
A-resolve,C-bug,11
A-save-analysis,T-dev-tools,2
A-rustdoc,I-crash,7
I-crash,I-unsound,5
I-needs-decision,S-waiting-on-crater,1
A-runtime,B-RFC-approved,1
A-stability,P-medium,3
A-rustdoc,T-infra,3
A-lint,E-easy,40
A-diagnostics,WG-compiler-const,1
O-android,O-netbsd,1
A-LLVM,E-help-wanted,3
A-grammar,metabug,3
A-collections,T-libs,21
E-help-wanted,I-crash,1
O-windows,regression-from-stable-to-stable,2
A-linkage,O-NVPTX,1
A-diagnostics,final-comment-period,1
A-rustdoc,I-slow,1
A-macros,T-compiler,36
S-waiting-on-review,S-waiting-on-team,1
S-waiting-on-crater,S-waiting-on-crater,24
A-syntaxext,I-slow,3
A-rls,regression-from-stable-to-beta,1
E-medium,I-needs-decision,1
A-attributes,A-codegen,2
E-needs-mentor,T-lang,4
A-simd,P-medium,1
I-nominated,P-medium,13
I-ICE,O-linux,1
A-lifetimes,C-bug,27
A-ffi,O-x86,1
A-collections,E-easy,5
A-const-fn,hacktoberfest,1
A-ffi,P-high,1
E-help-wanted,O-windows,1
A-libtest,C-enhancement,4
A-resolve,P-high,1
A-linkage,I-crash,11
B-unstable,C-future-compatibility,3
C-feature-request,P-medium,6
A-simd,I-ICE,1
I-slow,regression-from-stable-to-nightly,3
O-windows-msvc,T-dev-tools,2
A-debuginfo,T-infra,1
A-incr-comp,A-macros-2.0,1
A-codegen,A-lifetimes,9
I-crash,O-SPARC,1
A-rustbuild,T-infra,16
S-waiting-on-bors,T-infra,5
A-debuginfo,A-mir,3
I-needs-decision,regression-from-stable-to-stable,1
A-parser,P-high,1
A-build,E-mentor,2
A-linkage,O-asmjs,1
A-macros,A-syntaxext,16
O-freebsd,T-infra,1
T-compiler,WG-compiler-const,1
A-allocators,P-low,3
A-specialization,E-medium,1
A-frontend,T-dev-tools,3
A-parser,A-visibility,1
I-nominated,I-unsound,12
A-incr-comp,I-ICE,12
A-diagnostics,metabug,2
C-cleanup,hacktoberfest,4
A-pretty,E-easy,9
A-frontend,A-typesystem,29
A-LLVM,A-ffi,3
A-visibility,T-lang,2
E-hard,E-mentor,2
relnotes,relnotes,472
A-ffi,A-unicode,1
A-resolve,P-low,2
E-hard,I-nominated,5
A-rustdoc,beta-accepted,1
A-ffi,P-low,4
O-ios,T-dev-tools,1
regression-from-stable-to-beta,relnotes,8
A-incr-comp,E-mentor,22
A-visibility,C-enhancement,1
A-impl-trait,WG-compiler-middle,1
I-nominated,metabug,1
C-enhancement,O-windows,17
T-libs,beta-nominated,1
A-mir,B-unstable,1
A-borrow-checker,A-lifetimes,3
A-rustdoc,C-bug,99
A-diagnostics,A-hir,1
E-help-wanted,T-libs,14
A-debuginfo,A-runtime,2
A-incr-comp,A-rustbuild,2
A-codegen,A-dst,3
A-incr-comp,WG-compiler-incr,5
A-unicode,I-crash,1
C-cleanup,P-low,11
P-medium,T-doc,69
A-lifetimes,I-slow,2
A-collections,I-crash,2
C-cleanup,I-needs-decision,3
S-waiting-on-author,final-comment-period,2
A-stability,C-feature-request,1
E-needstest,E-needstest,534
I-compiletime,WG-infra-rustbuild,1
A-grammar,A-lifetimes,2
C-feature-request,T-infra,20
A-borrow-checker,regression-from-stable-to-stable,1
I-crash,O-PowerPC,2
C-enhancement,WG-infra-rustbuild,12
I-crash,regression-from-stable-to-beta,7
A-lint,A-syntaxext,10
A-unicode,T-libs,2
A-attributes,regression-from-stable-to-stable,1
A-simd,I-unsound,1
T-core,T-libs,1
A-lint,C-future-compatibility,2
E-hard,P-low,5
A-lint,B-unstable,11
C-cleanup,C-cleanup,671
S-waiting-on-bors,beta-accepted,31
S-waiting-on-review,T-doc,13
A-lint,O-windows,1
A-specialization,E-mentor,1
A-macros,relnotes,1
C-cleanup,P-medium,4
I-crash,I-crash,426
A-incr-comp,P-medium,3
A-allocators,O-ios,1
I-nominated,T-infra,1
A-resolve,A-syntaxext,6
A-macros,A-plugin,3
A-resolve,B-unstable,1
A-metadata,B-unstable,1
C-future-compatibility,P-low,1
A-linkage,P-medium,8
A-stability,T-libs,2
A-lifetimes,I-crash,27
O-linux,P-low,2
A-mir,I-ICE,14
A-codegen,T-libs,3
T-compiler,T-compiler,1583
E-needstest,I-slow,4
E-mentor,metabug,3
A-impl-trait,A-traits,2
A-rustbuild,O-openbsd,1
A-debuginfo,O-ARM,2
A-incr-comp,I-compiletime,7
C-cleanup,metabug,7
B-RFC-approved,E-mentor,18
A-concurrency,T-libs,3
A-linkage,O-solaris,1
A-incr-comp,A-macros,1
A-attributes,A-driver,4
A-inline-assembly,I-crash,6
A-lint,A-lint,406
A-cross,O-windows,1
A-collections,C-enhancement,13
C-enhancement,I-compiletime,41
C-enhancement,C-enhancement,1747
A-macros,E-mentor,3
C-bug,final-comment-period,2
P-medium,hacktoberfest,1
A-destructors,C-feature-request,2
A-frontend,C-enhancement,59
A-dst,A-rustdoc,1
C-tracking-issue,proposed-final-comment-period,5
A-sanitizers,P-low,1
A-rustdoc,E-help-wanted,4
A-mir,WG-compiler-nll,2
A-const-fn,I-ICE,17
A-closures,P-low,5
B-RFC-implemented,T-lang,26
A-destructors,C-tracking-issue,1
A-incr-comp,O-asmjs,1
regression-from-stable-to-nightly,relnotes,18
S-waiting-on-bors,S-waiting-on-bors,750
A-build,P-low,21
A-plugin,T-compiler,2
E-hard,O-ios,2
A-traits,P-low,12
A-debuginfo,metabug,1
A-pretty,A-typesystem,1
C-tracking-issue,I-needs-decision,3
A-cross,C-feature-request,2
C-feature-request,T-lang,51
A-typesystem,WG-compiler-errors,1
A-parser,C-feature-request,5
A-resolve,I-crash,3
A-metadata,A-metadata,42
I-nominated,regression-from-stable-to-nightly,33
A-diagnostics,A-inference,4
A-const-fn,A-inference,1
WG-compiler-incr,hacktoberfest,3
S-waiting-on-crater,S-waiting-on-review,3
B-unstable,I-unsound,10
A-linkage,C-enhancement,39
A-rustbuild,O-guix,1
A-associated-items,WG-compiler-errors,1
A-linkage,I-slow,2
S-waiting-on-bors,T-dev-tools-rustdoc,3
A-build,E-help-wanted,5
A-linkage,O-android,1
C-bug,T-dev-tools-rustdoc,2
A-rustdoc,metabug,3
A-parser,A-syntaxext,12
C-enhancement,hacktoberfest,6
A-macros,P-medium,6
C-enhancement,P-high,7
A-diagnostics,regression-from-stable-to-nightly,2
S-waiting-on-crater,T-libs,6
A-lifetimes,E-mentor,3
A-lifetimes,metabug,2
A-typesystem,I-compiletime,6
A-resolve,E-easy,11
A-dst,I-ICE,40
A-grammar,E-needstest,2
A-associated-items,T-lang,12
A-lint,C-feature-request,23
A-rustbuild,C-cleanup,4
A-LLVM,A-lifetimes,1
A-concurrency,C-bug,1
A-lint,P-high,3
A-impl-trait,T-compiler,9
S-waiting-on-author,S-waiting-on-author,421
A-rustbuild,T-dev-tools,4
A-syntaxext,P-low,17
A-linkage,regression-from-stable-to-beta,2
C-bug,O-ARM,16
A-codegen,E-mentor,3
A-codegen,E-easy,36
A-diagnostics,A-frontend,14
A-debuginfo,O-android,1
A-lifetimes,C-tracking-issue,2
P-high,T-compiler,179
A-metadata,final-comment-period,1
A-rustbuild,O-windows-msvc,3
I-compilemem,I-nominated,1
I-nominated,rust-2-breakage-wishlist,1
A-resolve,A-traits,5
S-waiting-on-bors,relnotes,14
P-low,T-compiler,54
A-build,O-asmjs,1
A-diagnostics,A-stability,1
A-lint,E-help-wanted,1
O-freebsd,O-x86,1
I-crash,O-MIPS,1
C-tracking-issue,O-NVPTX,2
A-codegen,A-cross,1
A-LLVM,A-driver,4
A-generators,B-RFC-approved,1
E-needs-mentor,WG-compiler-front,3
E-help-wanted,I-ICE,1
T-dev-tools,metabug,1
E-mentor,regression-from-stable-to-stable,3
O-macos,T-libs,1
A-pretty,E-needstest,1
A-destructors,T-compiler,9
B-unstable,I-crash,1
A-mir,regression-from-stable-to-beta,6
E-mentor,WG-compiler-incr,7
E-easy,final-comment-period,21
I-ICE,P-low,9
E-hard,T-dev-tools,2
A-pretty,C-bug,9
A-codegen,A-typesystem,45
A-build,A-testsuite,37
A-associated-items,C-feature-request,2
A-grammar,C-bug,8
O-macos,P-low,2
A-codegen,A-ffi,7
A-lint,A-plugin,2
